{"index":{"0":60,"1":61,"2":62,"3":63,"4":64,"5":65,"6":66,"7":67,"8":68,"9":69,"10":70,"11":71,"12":72,"13":73,"14":74,"15":75,"16":76,"17":77,"18":78,"19":79,"20":80,"21":81,"22":82,"23":83,"24":84,"25":85,"26":86,"27":87,"28":88,"29":89,"30":90,"31":91,"32":92,"33":93,"34":94,"35":95,"36":96,"37":97,"38":98,"39":99,"40":100,"41":101,"42":102,"43":103,"44":104,"45":105,"46":106,"47":107,"48":108,"49":109,"50":110,"51":111,"52":112,"53":113,"54":114,"55":115,"56":116,"57":117,"58":118,"59":119},"n_red":{"0":6,"1":6,"2":2,"3":3,"4":1,"5":2,"6":4,"7":5,"8":6,"9":6,"10":6,"11":3,"12":2,"13":6,"14":6,"15":2,"16":4,"17":5,"18":2,"19":4,"20":1,"21":5,"22":5,"23":3,"24":5,"25":5,"26":4,"27":2,"28":1,"29":3,"30":6,"31":5,"32":5,"33":2,"34":6,"35":4,"36":6,"37":1,"38":5,"39":5,"40":5,"41":3,"42":6,"43":6,"44":1,"45":1,"46":6,"47":6,"48":5,"49":5,"50":5,"51":1,"52":6,"53":3,"54":4,"55":1,"56":5,"57":2,"58":6,"59":5},"outcome":{"0":-1,"1":-1,"2":1,"3":1,"4":1,"5":1,"6":1,"7":1,"8":-1,"9":-1,"10":-1,"11":-1,"12":1,"13":-1,"14":-1,"15":1,"16":-1,"17":-1,"18":1,"19":1,"20":-1,"21":-1,"22":-1,"23":1,"24":1,"25":-1,"26":1,"27":-1,"28":1,"29":1,"30":-1,"31":-1,"32":-1,"33":-1,"34":-1,"35":1,"36":-1,"37":1,"38":-1,"39":-1,"40":-1,"41":1,"42":-1,"43":-1,"44":1,"45":1,"46":-1,"47":-1,"48":1,"49":-1,"50":1,"51":1,"52":-1,"53":1,"54":1,"55":1,"56":1,"57":-1,"58":-1,"59":-1},"n_blue":{"0":1,"1":1,"2":5,"3":4,"4":6,"5":5,"6":3,"7":2,"8":1,"9":1,"10":1,"11":4,"12":5,"13":1,"14":1,"15":5,"16":3,"17":2,"18":5,"19":3,"20":6,"21":2,"22":2,"23":4,"24":2,"25":2,"26":3,"27":5,"28":6,"29":4,"30":1,"31":2,"32":2,"33":5,"34":1,"35":3,"36":1,"37":6,"38":2,"39":2,"40":2,"41":4,"42":1,"43":1,"44":6,"45":6,"46":1,"47":1,"48":2,"49":2,"50":2,"51":6,"52":1,"53":4,"54":3,"55":6,"56":2,"57":5,"58":1,"59":2},"e_v":{"0":-0.1428571429,"1":-0.1428571429,"2":0.2857142857,"3":0.4285714286,"4":0.1428571429,"5":0.2857142857,"6":0.5714285714,"7":0.7142857143,"8":-0.1428571429,"9":-0.1428571429,"10":-0.1428571429,"11":-0.5714285714,"12":0.2857142857,"13":-0.1428571429,"14":-0.1428571429,"15":0.2857142857,"16":-0.4285714286,"17":-0.2857142857,"18":0.2857142857,"19":0.5714285714,"20":-0.8571428571,"21":-0.2857142857,"22":-0.2857142857,"23":0.4285714286,"24":0.7142857143,"25":-0.2857142857,"26":0.5714285714,"27":-0.7142857143,"28":0.1428571429,"29":0.4285714286,"30":-0.1428571429,"31":-0.2857142857,"32":-0.2857142857,"33":-0.7142857143,"34":-0.1428571429,"35":0.5714285714,"36":-0.1428571429,"37":0.1428571429,"38":-0.2857142857,"39":-0.2857142857,"40":-0.2857142857,"41":0.4285714286,"42":-0.1428571429,"43":-0.1428571429,"44":0.1428571429,"45":0.1428571429,"46":-0.1428571429,"47":-0.1428571429,"48":0.7142857143,"49":-0.2857142857,"50":0.7142857143,"51":0.1428571429,"52":-0.1428571429,"53":0.4285714286,"54":0.5714285714,"55":0.1428571429,"56":0.7142857143,"57":-0.7142857143,"58":-0.1428571429,"59":-0.2857142857}}