{"index":{"0":240,"1":241,"2":242,"3":243,"4":244,"5":245,"6":246,"7":247,"8":248,"9":249,"10":250,"11":251,"12":252,"13":253,"14":254,"15":255,"16":256,"17":257,"18":258,"19":259,"20":260,"21":261,"22":262,"23":263,"24":264,"25":265,"26":266,"27":267,"28":268,"29":269,"30":270,"31":271,"32":272,"33":273,"34":274,"35":275,"36":276,"37":277,"38":278,"39":279,"40":280,"41":281,"42":282,"43":283,"44":284,"45":285,"46":286,"47":287,"48":288,"49":289,"50":290,"51":291,"52":292,"53":293,"54":294,"55":295,"56":296,"57":297,"58":298,"59":299},"n_red":{"0":6,"1":6,"2":2,"3":3,"4":1,"5":2,"6":4,"7":5,"8":6,"9":6,"10":6,"11":3,"12":2,"13":6,"14":6,"15":2,"16":4,"17":5,"18":2,"19":4,"20":1,"21":5,"22":5,"23":3,"24":5,"25":5,"26":4,"27":2,"28":1,"29":3,"30":6,"31":5,"32":5,"33":2,"34":6,"35":4,"36":6,"37":1,"38":5,"39":5,"40":5,"41":3,"42":6,"43":6,"44":1,"45":1,"46":6,"47":6,"48":5,"49":5,"50":5,"51":1,"52":6,"53":3,"54":4,"55":1,"56":5,"57":2,"58":6,"59":5},"outcome":{"0":-1,"1":-1,"2":1,"3":-1,"4":1,"5":1,"6":1,"7":1,"8":-1,"9":-1,"10":-1,"11":1,"12":-1,"13":1,"14":-1,"15":1,"16":-1,"17":1,"18":1,"19":1,"20":1,"21":1,"22":1,"23":-1,"24":1,"25":-1,"26":1,"27":-1,"28":1,"29":1,"30":-1,"31":-1,"32":-1,"33":1,"34":-1,"35":1,"36":-1,"37":1,"38":1,"39":-1,"40":-1,"41":-1,"42":-1,"43":-1,"44":1,"45":1,"46":-1,"47":-1,"48":1,"49":-1,"50":-1,"51":1,"52":-1,"53":-1,"54":-1,"55":1,"56":-1,"57":1,"58":-1,"59":1},"n_blue":{"0":1,"1":1,"2":5,"3":4,"4":6,"5":5,"6":3,"7":2,"8":1,"9":1,"10":1,"11":4,"12":5,"13":1,"14":1,"15":5,"16":3,"17":2,"18":5,"19":3,"20":6,"21":2,"22":2,"23":4,"24":2,"25":2,"26":3,"27":5,"28":6,"29":4,"30":1,"31":2,"32":2,"33":5,"34":1,"35":3,"36":1,"37":6,"38":2,"39":2,"40":2,"41":4,"42":1,"43":1,"44":6,"45":6,"46":1,"47":1,"48":2,"49":2,"50":2,"51":6,"52":1,"53":4,"54":3,"55":6,"56":2,"57":5,"58":1,"59":2},"e_v":{"0":-0.1428571429,"1":-0.1428571429,"2":0.2857142857,"3":-0.5714285714,"4":0.1428571429,"5":0.2857142857,"6":0.5714285714,"7":0.7142857143,"8":-0.1428571429,"9":-0.1428571429,"10":-0.1428571429,"11":0.4285714286,"12":-0.7142857143,"13":0.8571428571,"14":-0.1428571429,"15":0.2857142857,"16":-0.4285714286,"17":0.7142857143,"18":0.2857142857,"19":0.5714285714,"20":0.1428571429,"21":0.7142857143,"22":0.7142857143,"23":-0.5714285714,"24":0.7142857143,"25":-0.2857142857,"26":0.5714285714,"27":-0.7142857143,"28":0.1428571429,"29":0.4285714286,"30":-0.1428571429,"31":-0.2857142857,"32":-0.2857142857,"33":0.2857142857,"34":-0.1428571429,"35":0.5714285714,"36":-0.1428571429,"37":0.1428571429,"38":0.7142857143,"39":-0.2857142857,"40":-0.2857142857,"41":-0.5714285714,"42":-0.1428571429,"43":-0.1428571429,"44":0.1428571429,"45":0.1428571429,"46":-0.1428571429,"47":-0.1428571429,"48":0.7142857143,"49":-0.2857142857,"50":-0.2857142857,"51":0.1428571429,"52":-0.1428571429,"53":-0.5714285714,"54":-0.4285714286,"55":0.1428571429,"56":-0.2857142857,"57":0.2857142857,"58":-0.1428571429,"59":0.7142857143}}